Id,interval_group,classification,bag,is_low_medi_cluster,mean_MEDI,xmin,xmax,class_duration,reason,visual inspection,comments 
201,2,FN,0,1,1186.69,8/14/2023 17:40,8/14/2023 17:45,5,"bag not used, no clusters identified",1,
201,4,FN,1,1,3.405,8/14/2023 22:38,8/14/2023 22:39,1.333333333,likely transition state,1,
201,8,FN,1,1,164.2327778,8/15/2023 11:17,8/15/2023 11:20,3,likely transition state,0,short interval of nn-wear
201,10,FN,1,1,147.525,8/15/2023 14:45,8/15/2023 14:49,4,algorithm limitation or bag actually not used,1,algorithm limitation
201,12,FN,1,1,17.34972222,8/15/2023 19:02,8/15/2023 19:08,6,algorithm limitation or bag actually not used,1,algorithm limitation
201,16,FN,0,1,349.563871,8/16/2023 7:47,8/16/2023 8:18,31,"bag not used, no clusters identified",1,
201,18,FN,0,1,1186.947,8/16/2023 11:42,8/16/2023 11:47,5,"bag not used, no clusters identified",1,
201,20,FN,0,1,996.905,8/16/2023 15:47,8/16/2023 15:50,3,bag not used or transition state,1,bag not used
201,22,FN,0,1,43.22099206,8/16/2023 18:12,8/16/2023 18:54,42,"bag not used, no clusters identified",1,
201,24,FN,0,1,273.1912821,8/16/2023 19:05,8/16/2023 19:18,13,"bag not used, no clusters identified",1,
201,27,FP,2,0,0,8/17/2023 6:22,8/17/2023 6:23,1,likely transition state,1,
201,29,FN,0,1,11.17666667,8/17/2023 6:41,8/17/2023 6:51,10,"bag not used, no clusters identified",1,
201,31,FP,2,0,0,8/17/2023 6:51,8/17/2023 6:52,0.166666667,likely transition state,1,
201,33,FP,2,0,0.0475,8/17/2023 8:40,8/17/2023 8:40,0.666666667,likely transition state,1,
201,35,FN,1,1,37.03861111,8/17/2023 11:34,8/17/2023 11:40,6,algorithm limitation or bag actually not used,1,algorithm limitation
201,37,FN,0,1,308.6502778,8/17/2023 17:40,8/17/2023 17:46,6,"bag not used, no clusters identified",1,
201,39,FN,0,1,2.798166667,8/17/2023 21:04,8/17/2023 21:24,20,"bag not used, no clusters identified",1,
201,41,FN,1,1,1.603333333,8/17/2023 22:24,8/17/2023 22:24,0.5,likely transition state,1,
201,43,FP,2,0,0,8/17/2023 22:50,8/17/2023 22:50,0.666666667,likely transition state,1,
201,45,FP,2,0,0.189944444,8/17/2023 23:05,8/17/2023 23:35,30,"low medi, cluster detected",1,
201,47,FP,2,0,0.256786885,8/17/2023 23:35,8/18/2023 0:26,50.83333333,"low medi, cluster detected",1,
201,49,FP,2,0,0.332,8/18/2023 0:40,8/18/2023 0:43,2.5,likely transition state,1,
201,52,FN,0,1,291.5568056,8/18/2023 8:14,8/18/2023 8:26,12,"bag not used, no clusters identified",1,
201,54,FN,0,1,1150.485379,8/18/2023 15:41,8/18/2023 16:03,22,"bag not used, no clusters identified",1,
201,56,FN,1,1,94.46,8/18/2023 19:45,8/18/2023 19:45,0.166666667,likely transition state,1,
201,58,FP,2,0,0.014615385,8/18/2023 19:54,8/18/2023 19:58,4.333333333,"low medi, cluster detected",1,
201,60,FP,2,0,0.032380952,8/18/2023 20:10,8/18/2023 20:14,3.5,"low medi, cluster detected",1,
201,62,FN,1,1,3.72,8/18/2023 23:59,8/19/2023 0:00,0.166666667,likely transition state,1,
201,64,FP,2,0,0.002520325,8/19/2023 0:02,8/19/2023 0:23,20.5,"low medi, cluster detected",1,
201,68,FP,2,0,0,8/19/2023 8:32,8/19/2023 8:32,0.166666667,likely transition state,1,
201,70,FN,1,1,18.97598765,8/19/2023 11:17,8/19/2023 12:11,54,algorithm limitation or bag actually not used,1,bag not used
201,72,FN,1,1,56.45288194,8/19/2023 12:34,8/19/2023 13:22,48,algorithm limitation or bag actually not used,1,bag not used
201,74,FN,1,1,22.91855769,8/19/2023 14:47,8/19/2023 15:04,17.33333333,algorithm limitation or bag actually not used,1,bag not used
201,76,FN,1,1,74.23124402,8/19/2023 15:27,8/19/2023 16:02,34.83333333,algorithm limitation or bag actually not used,1,bag not used
201,78,FP,2,0,0,8/19/2023 16:30,8/19/2023 16:30,0.166666667,likely transition state,1,
201,80,FN,0,1,3.370098039,8/19/2023 19:06,8/19/2023 19:57,51,"bag not used, no clusters identified",1,
201,84,FN,0,1,274.9001042,8/20/2023 17:07,8/20/2023 17:23,16,"bag not used, no clusters identified",1,
201,86,FN,0,1,9.022037037,8/20/2023 22:52,8/20/2023 23:28,36,"bag not used, no clusters identified",1,
202,2,FN,1,1,36.064,8/14/2023 16:42,8/14/2023 16:42,0.833333333,likely transition state,1,
202,4,FN,1,1,13.642,8/14/2023 17:04,8/14/2023 17:11,6.666666667,algorithm limitation or bag actually not used,1,bag not used
202,8,FN,1,1,278.1680159,8/15/2023 11:22,8/15/2023 11:43,21,algorithm limitation or bag actually not used,1,bag not used
202,10,FN,1,1,13.11,8/15/2023 18:19,8/15/2023 18:20,1.166666667,likely transition state,1,
202,12,FP,2,0,0,8/15/2023 19:00,8/15/2023 19:00,0.166666667,likely transition state,1,
202,16,FN,1,1,401.9619231,8/16/2023 8:19,8/16/2023 8:23,4.333333333,algorithm limitation or bag actually not used,1,bag not used
202,18,FN,1,1,3992.774615,8/16/2023 8:43,8/16/2023 8:48,4.333333333,algorithm limitation or bag actually not used,1,bag not used
202,20,FN,1,1,384.4961364,8/16/2023 11:22,8/16/2023 11:44,22,algorithm limitation or bag actually not used,1,bag not used
202,22,FN,1,1,7.753892216,8/16/2023 12:21,8/16/2023 12:48,27.83333333,algorithm limitation or bag actually not used,1,bag not used
202,24,FP,2,0,0.535,8/16/2023 13:16,8/16/2023 13:16,0.333333333,likely transition state,1,
202,26,FN,1,1,5.726666667,8/16/2023 14:53,8/16/2023 14:53,0.5,likely transition state,1,
202,30,FP,2,0,0.143076923,8/17/2023 6:25,8/17/2023 6:27,2.166666667,likely transition state,1,
202,32,FP,2,0,0.172834646,8/17/2023 6:29,8/17/2023 6:50,21.16666667,"low medi, cluster detected",1,
202,34,FN,1,1,26.77,8/17/2023 17:50,8/17/2023 17:50,0.666666667,likely transition state,1,
202,36,FN,1,1,10.75625,8/17/2023 20:28,8/17/2023 20:30,1.333333333,likely transition state,1,
202,39,FP,2,0,0,8/18/2023 6:37,8/18/2023 8:07,90.66666667,"low medi, cluster detected",1,
202,45,FN,1,1,24.415,8/20/2023 15:13,8/20/2023 15:13,0.333333333,likely transition state,1,
202,47,FP,2,0,0,8/20/2023 16:18,8/20/2023 16:19,1.166666667,likely transition state,1,
202,49,FN,1,1,13.92,8/20/2023 21:10,8/20/2023 21:10,0.666666667,likely transition state,1,
204,2,FP,2,0,0,8/14/2023 22:28,8/14/2023 22:40,12.33333333,"low medi, cluster detected",1,
204,6,FN,0,1,1499.654444,8/15/2023 8:20,8/15/2023 8:29,9,"bag not used, no clusters identified",1,
204,8,FP,2,0,0,8/15/2023 22:51,8/15/2023 23:04,13.5,"low medi, cluster detected",1,
204,12,FN,0,1,1001.879,8/16/2023 8:20,8/16/2023 8:30,10,"bag not used, no clusters identified",1,
204,14,FP,2,0,0.040253165,8/16/2023 21:27,8/16/2023 21:40,13.16666667,"low medi, cluster detected",1,
204,16,FP,2,0,0.000795455,8/16/2023 22:32,8/16/2023 22:47,14.66666667,"low medi, cluster detected",1,
204,18,FP,2,0,0.002553191,8/17/2023 0:46,8/17/2023 1:02,15.66666667,"low medi, cluster detected",1,
204,21,FN,0,1,765.1453333,8/17/2023 8:23,8/17/2023 8:33,10,"bag not used, no clusters identified",1,
204,23,FN,0,1,555.1038889,8/17/2023 16:06,8/17/2023 16:15,9,"bag not used, no clusters identified",1,
204,25,FN,1,1,640.2279167,8/17/2023 16:37,8/17/2023 16:41,4,algorithm limitation or bag actually not used,1,should this be a transition phase?
204,27,FN,1,1,21.905,8/17/2023 18:16,8/17/2023 18:17,0.333333333,likely transition state,1,
204,29,FP,2,0,0,8/17/2023 22:06,8/17/2023 22:17,10.83333333,"low medi, cluster detected",1,
204,33,FN,0,1,657.9174074,8/18/2023 8:17,8/18/2023 8:26,9,"bag not used, no clusters identified",1,
204,35,FN,0,1,1037.635833,8/18/2023 15:32,8/18/2023 15:38,6,"bag not used, no clusters identified",1,
204,37,FN,1,1,947.35875,8/18/2023 16:49,8/18/2023 16:50,1.333333333,likely transition state,1,
204,39,FN,1,1,3.19,8/18/2023 22:04,8/18/2023 22:05,0.166666667,likely transition state,1,
204,41,FP,2,0,0.005977011,8/19/2023 0:23,8/19/2023 0:37,14.5,"low medi, cluster detected",1,
204,43,FP,2,0,0.00109375,8/19/2023 1:45,8/19/2023 1:56,10.66666667,"low medi, cluster detected",1,
204,46,FN,0,1,2302.414848,8/19/2023 14:32,8/19/2023 14:43,11,"bag not used, no clusters identified",1,
204,48,FP,2,0,0.024545455,8/19/2023 20:58,8/19/2023 21:18,20.16666667,"low medi, cluster detected",1,
204,50,FP,2,0,0.002819149,8/19/2023 22:27,8/19/2023 22:59,31.33333333,"low medi, cluster detected",1,
204,52,FP,2,0,0.006785714,8/19/2023 23:09,8/19/2023 23:23,14,"low medi, cluster detected",1,
204,56,FN,0,1,285.3702778,8/20/2023 18:36,8/20/2023 18:42,6,"bag not used, no clusters identified",1,
204,58,FP,2,0,0.028482143,8/20/2023 23:35,8/20/2023 23:54,18.66666667,"low medi, cluster detected",1,
204,60,FP,2,0,0.020606061,8/20/2023 23:56,8/21/2023 0:07,11,"low medi, cluster detected",1,
204,62,FP,2,0,0.009068323,8/21/2023 0:45,8/21/2023 1:12,26.83333333,"low medi, cluster detected",1,
204,64,FP,2,0,0,8/21/2023 1:15,8/21/2023 1:26,11.16666667,"low medi, cluster detected",1,
204,66,FP,2,0,0.000972222,8/21/2023 1:33,8/21/2023 1:45,12,"low medi, cluster detected",1,
205,4,FP,2,0,0.000897436,8/29/2023 20:26,8/29/2023 20:39,13,"low medi, cluster detected",1,
205,8,FP,2,0,0,8/30/2023 23:06,8/30/2023 23:15,9,"low medi, cluster detected",1,
205,13,FP,2,0,0.06125,9/1/2023 21:29,9/1/2023 21:41,12,"low medi, cluster detected",1,
205,17,FN,0,1,3437.707319,9/2/2023 16:47,9/2/2023 17:10,23,"bag not used, no clusters identified",1,
205,19,FP,2,0,0.223030303,9/2/2023 21:49,9/2/2023 21:55,5.5,"low medi, cluster detected",1,
205,22,FN,0,1,15.34833333,9/3/2023 8:47,9/3/2023 8:51,4,"bag not used, no clusters identified",1,transition state?
205,24,FP,2,0,0.072307692,9/3/2023 9:40,9/3/2023 10:03,23.83333333,"low medi, cluster detected",1,
206,3,FP,2,0,0.196,8/28/2023 20:53,8/28/2023 20:53,0.833333333,likely transition state,1,
206,5,FP,2,0,0.029204545,8/28/2023 21:00,8/28/2023 21:15,14.66666667,"low medi, cluster detected",1,
206,12,FP,2,0,0.000298507,8/29/2023 20:52,8/29/2023 21:03,11.16666667,"low medi, cluster detected",1,
206,15,FN,1,1,4.712857143,8/30/2023 0:13,8/30/2023 0:15,1.166666667,likely transition state,1,
206,18,FP,2,0,0,8/30/2023 12:14,8/30/2023 12:14,0.333333333,likely transition state,1,
206,21,FP,2,0,0,8/30/2023 21:58,8/30/2023 21:58,0.5,likely transition state,1,
206,24,FP,2,0,0,8/31/2023 11:02,8/31/2023 11:05,3,likely transition state,1,
206,26,FP,2,0,0,8/31/2023 16:06,8/31/2023 16:09,2.833333333,likely transition state,1,
206,28,FN,1,1,1267.936667,8/31/2023 16:45,8/31/2023 16:47,1.5,likely transition state,1,
206,32,FP,2,0,0,9/1/2023 0:28,9/1/2023 0:29,0.333333333,likely transition state,1,
206,34,FP,2,0,0,9/1/2023 0:44,9/1/2023 0:44,0.333333333,likely transition state,1,
206,37,FP,2,0,0,9/1/2023 10:48,9/1/2023 10:50,2,likely transition state,1,
206,39,FN,1,1,20.68,9/1/2023 20:01,9/1/2023 20:01,0.833333333,likely transition state,1,
206,41,FN,1,1,28.454,9/1/2023 20:29,9/1/2023 20:30,0.833333333,likely transition state,1,
206,43,FN,1,1,4.59,9/1/2023 20:57,9/1/2023 20:57,0.166666667,likely transition state,1,
206,45,FP,2,0,0,9/1/2023 21:34,9/1/2023 21:34,0.5,likely transition state,1,
206,47,FN,1,1,1.405,9/2/2023 1:29,9/2/2023 1:38,9,algorithm limitation or bag actually not used,1,algorithm limitation
206,50,FN,0,1,70.37037415,9/2/2023 15:41,9/2/2023 17:19,98,"bag not used, no clusters identified",1,
206,56,FP,2,0,0,9/3/2023 10:51,9/3/2023 11:00,9.166666667,"low medi, cluster detected",1,
206,58,FP,2,0,0.4,9/3/2023 22:26,9/3/2023 22:27,0.166666667,likely transition state,1,
208,2,FN,1,1,0.801666667,9/4/2023 20:16,9/4/2023 20:17,1,likely transition state,1,
208,4,FN,1,1,3.325454545,9/4/2023 22:18,9/4/2023 22:26,7.333333333,algorithm limitation or bag actually not used,1,algorithm limitation - MEDI values of 0 do not last to form a cluster 
208,9,FP,2,0,0,9/5/2023 18:31,9/5/2023 18:31,0.666666667,likely transition state,1,
208,11,FN,1,1,326.32,9/5/2023 18:56,9/5/2023 18:56,0.333333333,likely transition state,1,
208,13,FN,1,1,19.132,9/5/2023 20:37,9/5/2023 20:38,0.833333333,likely transition state,1,
208,15,FN,1,1,8.561666667,9/5/2023 22:08,9/5/2023 22:09,1,likely transition state,1,
208,17,FP,2,0,0,9/5/2023 22:36,9/5/2023 22:36,0.666666667,likely transition state,1,
208,21,FN,1,1,9.95,9/6/2023 18:37,9/6/2023 18:37,0.5,likely transition state,1,
208,23,FN,1,1,4.06,9/6/2023 20:16,9/6/2023 20:17,0.333333333,likely transition state,1,
208,27,FN,1,1,11.83666667,9/7/2023 19:47,9/7/2023 19:47,0.5,likely transition state,1,
208,29,FP,2,0,0.12625,9/7/2023 20:24,9/7/2023 20:25,1.333333333,likely transition state,1,
208,31,FP,2,0,0.280539419,9/7/2023 20:56,9/7/2023 21:36,40.16666667,"low medi, cluster detected",1,
208,33,FP,2,0,0.11326087,9/7/2023 21:50,9/7/2023 22:06,15.33333333,"low medi, cluster detected",1,
208,35,FN,0,1,31.03550847,9/7/2023 23:49,9/8/2023 0:48,59,"bag not used, no clusters identified",1,
208,39,FN,1,1,5.909125,9/8/2023 17:02,9/8/2023 19:02,120,algorithm limitation or bag actually not used,1,
208,41,FN,1,1,1.13,9/8/2023 19:26,9/8/2023 19:28,1.666666667,likely transition state,0,"algorithm limitation, interruption of higher MEDI values "
208,43,FP,2,0,0,9/8/2023 21:07,9/8/2023 21:07,0.666666667,likely transition state,1,
208,47,FP,2,0,0.013230769,9/9/2023 13:32,9/9/2023 13:43,10.83333333,"low medi, cluster detected",1,
208,49,FP,2,0,0,9/9/2023 14:19,9/9/2023 14:30,10.33333333,"low medi, cluster detected",1,
208,51,FN,1,1,2.17,9/9/2023 14:31,9/9/2023 14:31,0.166666667,likely transition state,1,
208,53,FN,1,1,184.7224017,9/9/2023 18:28,9/9/2023 19:45,76.33333333,algorithm limitation or bag actually not used,1,bag not used
208,55,FP,2,0,0.038398058,9/9/2023 20:18,9/9/2023 22:01,103,"low medi, cluster detected",1,
208,57,FP,2,0,0.227094972,9/9/2023 22:17,9/9/2023 22:47,29.83333333,"low medi, cluster detected",1,
208,61,FN,1,1,17344.33762,9/10/2023 17:16,9/10/2023 17:19,3.5,algorithm limitation or bag actually not used,1,bag not used or transition state?
208,63,FP,2,0,0.007222222,9/10/2023 18:30,9/10/2023 18:54,24,"low medi, cluster detected",1,
209,2,FP,2,0,0.024957983,9/4/2023 20:59,9/4/2023 21:19,19.83333333,"low medi, cluster detected",1,
209,6,FP,2,0,0.08,9/5/2023 19:56,9/5/2023 19:57,0.333333333,likely transition state,1,
209,8,FN,1,1,6.1775,9/5/2023 21:35,9/5/2023 21:36,0.666666667,likely transition state,1,
209,12,FP,2,0,0.071308901,9/6/2023 20:13,9/6/2023 20:45,31.83333333,"low medi, cluster detected",1,
209,16,FP,2,0,0,9/7/2023 11:24,9/7/2023 11:35,10.5,"low medi, cluster detected",1,
209,18,FN,1,1,5.12,9/7/2023 13:11,9/7/2023 13:12,0.166666667,likely transition state,1,
209,22,FP,2,0,0,9/8/2023 12:49,9/8/2023 12:50,0.166666667,likely transition state,1,
209,24,FP,2,0,0,9/8/2023 15:05,9/8/2023 15:05,0.166666667,likely transition state,1,
209,26,FP,2,0,0.037896825,9/8/2023 20:10,9/8/2023 20:52,42,"low medi, cluster detected",1,
209,28,FP,2,0,0,9/8/2023 21:00,9/8/2023 23:56,175.8333333,"low medi, cluster detected",1,
209,32,FP,2,0,0.053006329,9/9/2023 19:52,9/9/2023 20:44,52.66666667,"low medi, cluster detected",1,
209,34,FP,2,0,0,9/10/2023 0:25,9/10/2023 0:31,5.833333333,"low medi, cluster detected",1,
209,37,FP,2,0,0.054713656,9/10/2023 20:05,9/10/2023 20:43,37.83333333,"low medi, cluster detected",1,
210,2,FP,2,0,0.003630573,9/4/2023 21:31,9/4/2023 21:58,26.16666667,"low medi, cluster detected",1,
210,6,FN,1,1,14.92,9/5/2023 6:59,9/5/2023 7:00,1.5,likely transition state,1,
210,8,FN,1,1,10.32,9/5/2023 7:11,9/5/2023 7:12,0.166666667,likely transition state,1,
210,10,FP,2,0,0,9/5/2023 20:25,9/5/2023 20:36,11.33333333,"low medi, cluster detected",1,
210,12,FP,2,0,0,9/5/2023 20:40,9/5/2023 21:13,33.16666667,"low medi, cluster detected",1,
210,14,FP,2,0,0.000496894,9/5/2023 21:24,9/5/2023 22:18,53.66666667,"low medi, cluster detected",1,
210,16,FP,2,0,0,9/6/2023 0:11,9/6/2023 0:28,16.16666667,"low medi, cluster detected",1,
210,18,FP,2,0,0,9/6/2023 5:28,9/6/2023 5:28,0.5,likely transition state,1,
210,20,FN,1,1,18.812,9/6/2023 7:50,9/6/2023 8:00,10,algorithm limitation or bag actually not used,1,algorithm fails - MEDI values of 0 do not form a cluster because of length = 9 minutes 
210,22,FP,2,0,0.00627907,9/6/2023 20:19,9/6/2023 20:33,14.33333333,"low medi, cluster detected",1,
210,25,FP,2,0,0.235714286,9/7/2023 6:49,9/7/2023 6:52,3.5,"low medi, cluster detected",1,transition state upon awakening?
210,27,FP,2,0,0.002307692,9/7/2023 20:31,9/7/2023 20:53,21.66666667,"low medi, cluster detected",1,
210,31,FN,0,1,667.3483333,9/8/2023 8:17,9/8/2023 8:27,10,"bag not used, no clusters identified",1,
210,33,FP,2,0,0.001938326,9/8/2023 20:20,9/8/2023 20:58,37.83333333,"low medi, cluster detected",1,
210,35,FP,2,0,0,9/8/2023 22:31,9/8/2023 22:48,16.83333333,"low medi, cluster detected",1,
210,37,FP,2,0,0,9/8/2023 22:48,9/8/2023 23:01,12.33333333,"low medi, cluster detected",1,
210,41,FP,2,0,0,9/9/2023 21:14,9/9/2023 22:25,71,"low medi, cluster detected",1,
212,2,FN,1,1,0,9/11/2023 21:13,9/11/2023 21:22,9,visual_check,0,algorithm fails - medi values fo not last enough to form cluster 
212,4,FP,2,0,0.46,9/11/2023 22:25,9/11/2023 22:26,0.166666667,likely transition state,1,
212,6,FP,2,0,0,9/12/2023 6:18,9/12/2023 6:19,1.833333333,likely transition state,1,
212,8,FN,1,1,786.95625,9/12/2023 16:52,9/12/2023 16:53,1.333333333,likely transition state,1,
212,10,FN,1,1,20.72333333,9/12/2023 18:06,9/12/2023 18:07,1,likely transition state,1,
212,12,FN,1,1,1.266666667,9/12/2023 20:54,9/12/2023 20:55,1.5,likely transition state,1,
212,15,FP,2,0,0,9/12/2023 22:19,9/12/2023 22:20,0.5,likely transition state,1,
212,17,FP,2,0,0.006,9/13/2023 6:31,9/13/2023 6:32,1.666666667,likely transition state,1,
212,19,FN,0,1,3.09,9/13/2023 20:31,9/13/2023 20:31,0.833333333,bag not used or transition state,1,transition state
212,21,FP,2,0,0.01,9/13/2023 20:53,9/13/2023 20:53,0.666666667,likely transition state,1,
212,23,FP,2,0,0,9/13/2023 22:02,9/13/2023 22:03,0.5,likely transition state,1,
212,25,FP,2,0,0.000882353,9/14/2023 6:14,9/14/2023 6:19,5.666666667,"low medi, cluster detected",1,
212,27,FP,2,0,0,9/14/2023 16:34,9/14/2023 16:36,1.333333333,likely transition state,1,
212,29,FN,1,1,2.106923077,9/14/2023 17:50,9/14/2023 17:53,2.166666667,likely transition state,1,
212,31,FN,1,1,8.845454545,9/14/2023 20:45,9/14/2023 20:46,1.833333333,likely transition state,1,
212,33,FP,2,0,0.1725,9/14/2023 20:58,9/14/2023 20:58,0.666666667,likely transition state,1,
212,36,FP,2,0,0.327857143,9/15/2023 6:34,9/15/2023 6:38,4.666666667,"low medi, cluster detected",1,
212,38,FN,1,1,820.2657333,9/15/2023 17:12,9/15/2023 17:37,25,algorithm limitation or bag actually not used,1,bag not used
212,40,FN,1,1,3.630909091,9/15/2023 20:29,9/15/2023 20:30,1.833333333,likely transition state,1,
212,42,FP,2,0,0.166,9/15/2023 20:40,9/15/2023 20:41,1.666666667,likely transition state,1,
212,44,FP,2,0,0.44358209,9/15/2023 21:44,9/15/2023 21:56,11.16666667,"low medi, cluster detected",1,
212,47,FN,1,1,80.7,9/16/2023 15:19,9/16/2023 15:19,0.166666667,likely transition state,1,
212,49,FN,1,1,4.605,9/16/2023 16:49,9/16/2023 16:50,0.333333333,likely transition state,1,
212,51,FN,1,1,5.534444444,9/16/2023 20:49,9/16/2023 20:50,1.5,likely transition state,1,
212,53,FP,2,0,0.56,9/16/2023 21:04,9/16/2023 21:04,0.166666667,likely transition state,1,
212,55,FP,2,0,0.488888889,9/16/2023 22:28,9/16/2023 22:30,1.5,likely transition state,1,
212,57,FP,2,0,0,9/17/2023 6:25,9/17/2023 6:27,2.833333333,likely transition state,1,
212,59,FN,0,1,4.05,9/17/2023 8:37,9/17/2023 8:37,0.166666667,bag not used or transition state,1,transition state
212,61,FN,0,1,98.8468,9/17/2023 9:58,9/17/2023 10:03,4.166666667,"bag not used, no clusters identified",1,
212,63,FN,1,1,3.2,9/17/2023 20:23,9/17/2023 20:24,1.333333333,likely transition state,1,
212,66,FP,2,0,0.660576923,9/17/2023 22:10,9/17/2023 22:19,8.666666667,"low medi, cluster detected",1,
212,68,FP,2,0,0,9/18/2023 6:01,9/18/2023 6:01,0.166666667,likely transition state,1,
213,6,FN,1,1,18.0625,9/13/2023 21:04,9/13/2023 21:04,0.666666667,likely transition state,1,
213,8,FN,1,1,11.06,9/13/2023 21:51,9/13/2023 21:52,0.166666667,likely transition state,1,
213,14,FP,2,0,0.189078947,9/15/2023 19:44,9/15/2023 19:57,12.66666667,"low medi, cluster detected",1,
213,18,FN,1,1,4770.259278,9/16/2023 12:40,9/16/2023 14:40,120,algorithm limitation or bag actually not used,1,bag not used or wrong reporting on wear log 
214,2,FP,2,0,0.004968553,9/25/2023 18:06,9/25/2023 18:33,26.5,"low medi, cluster detected",1,
214,4,FP,2,0,0,9/25/2023 22:27,9/25/2023 22:45,17.5,"low medi, cluster detected",1,
214,7,FN,1,1,12.32253333,9/26/2023 16:00,9/26/2023 16:50,50,algorithm limitation or bag actually not used,1,bag not used
214,9,FP,2,0,0.123333333,9/26/2023 21:33,9/26/2023 21:51,18,"low medi, cluster detected",1,
214,11,FP,2,0,0.02754386,9/26/2023 22:49,9/26/2023 23:08,19,"low medi, cluster detected",1,
214,14,FP,2,0,0.00326087,9/27/2023 8:30,9/27/2023 8:37,7.666666667,"low medi, cluster detected",1,transition state upon awakening?
214,16,FP,2,0,0.007333333,9/27/2023 23:17,9/27/2023 23:32,15,"low medi, cluster detected",1,
214,19,FP,2,0,0.26,9/28/2023 20:13,9/28/2023 20:34,20.83333333,"low medi, cluster detected",1,
214,23,FN,1,1,13.294375,9/29/2023 15:10,9/29/2023 15:50,40,algorithm limitation or bag actually not used,1,
214,25,FP,2,0,0,9/29/2023 22:59,9/29/2023 23:00,0.666666667,likely transition state,1,
214,28,FN,1,1,135.7239444,9/30/2023 10:15,9/30/2023 10:45,30,algorithm limitation or bag actually not used,1,bag not used 
214,30,FN,1,1,699.0875,9/30/2023 12:05,9/30/2023 12:05,0.666666667,likely transition state,1,
214,32,FP,2,0,0,9/30/2023 12:38,9/30/2023 12:38,0.166666667,likely transition state,1,
214,34,FP,2,0,0.130714286,9/30/2023 19:37,9/30/2023 19:55,18.66666667,"low medi, cluster detected",1,
214,38,FP,2,0,0.269620253,10/1/2023 19:05,10/1/2023 19:18,13.16666667,"low medi, cluster detected",1,
215,2,FP,2,0,0.002290076,10/2/2023 19:58,10/2/2023 20:19,21.83333333,"low medi, cluster detected",1,
215,6,FN,1,1,16.28,10/3/2023 17:16,10/3/2023 17:16,0.166666667,likely transition state,1,
215,8,FN,1,1,17.04,10/3/2023 18:17,10/3/2023 18:18,1,likely transition state,1,
215,12,FP,2,0,0,10/4/2023 13:06,10/4/2023 13:07,0.333333333,likely transition state,1,
215,14,FN,0,1,9.07,10/4/2023 13:41,10/4/2023 13:42,0.5,bag not used or transition state,1,
215,18,FN,1,1,28.95571429,10/5/2023 14:17,10/5/2023 14:18,1.166666667,likely transition state,1,
215,20,FP,2,0,0,10/5/2023 15:34,10/5/2023 15:34,0.333333333,likely transition state,1,
215,24,FP,2,0,0.162638889,10/6/2023 19:15,10/6/2023 19:27,12,"low medi, cluster detected",1,
215,28,FN,1,1,194.1625,10/7/2023 10:55,10/7/2023 10:56,1.333333333,likely transition state,1,
215,30,FN,1,1,8.046666667,10/7/2023 12:21,10/7/2023 12:22,0.5,likely transition state,1,
215,32,FP,2,0,0.413442623,10/7/2023 19:02,10/7/2023 19:12,10.16666667,"low medi, cluster detected",1,
215,34,FN,1,1,10.41333333,10/7/2023 20:55,10/7/2023 20:55,0.5,likely transition state,1,
215,38,FP,2,0,0,10/8/2023 14:59,10/8/2023 15:00,0.166666667,likely transition state,1,
215,40,FN,0,1,311.2980776,10/8/2023 16:49,10/8/2023 23:33,404,"bag not used, no clusters identified",0,this is likely wear time?
216,2,FN,1,1,5642.833333,10/2/2023 16:58,10/2/2023 17:00,2,likely transition state,1,
216,4,FP,2,0,0.39,10/2/2023 17:57,10/2/2023 17:57,0.166666667,likely transition state,1,
216,6,FP,2,0,0.0284375,10/2/2023 19:43,10/2/2023 19:54,10.66666667,"low medi, cluster detected",1,
216,8,FP,2,0,0.009429429,10/3/2023 1:25,10/3/2023 2:20,55.5,"low medi, cluster detected",1,
216,10,FP,2,0,0.113731343,10/3/2023 2:48,10/3/2023 3:00,11.16666667,"low medi, cluster detected",1,
216,14,FN,1,1,110.45,10/3/2023 18:48,10/3/2023 18:48,0.166666667,likely transition state,1,
216,16,FN,1,1,5.2125,10/3/2023 19:13,10/3/2023 19:14,0.666666667,likely transition state,1,
216,18,FP,2,0,0.052735849,10/3/2023 19:23,10/3/2023 19:41,17.66666667,"low medi, cluster detected",1,
216,22,FP,2,0,0.083521127,10/5/2023 0:54,10/5/2023 2:05,71,"low medi, cluster detected",1,
216,24,FP,2,0,0.385,10/5/2023 2:23,10/5/2023 2:24,0.666666667,likely transition state,1,
216,27,FP,2,0,0.310235294,10/6/2023 2:05,10/6/2023 2:20,14.16666667,"low medi, cluster detected",1,
216,29,FP,2,0,0,10/6/2023 2:28,10/6/2023 2:37,8.166666667,"low medi, cluster detected",1,
216,32,FP,2,0,0.122280702,10/7/2023 0:31,10/7/2023 0:50,19,"low medi, cluster detected",1,
216,36,FP,2,0,0,10/8/2023 3:38,10/8/2023 3:49,11.16666667,"low medi, cluster detected",1,
216,38,FP,2,0,0,10/8/2023 4:01,10/8/2023 4:02,0.833333333,likely transition state,1,
216,41,FP,2,0,0.017591241,10/9/2023 2:15,10/9/2023 2:38,22.83333333,"low medi, cluster detected",1,
216,43,FP,2,0,0.010352941,10/9/2023 2:38,10/9/2023 2:52,14.16666667,"low medi, cluster detected",1,
216,45,FP,2,0,0.024,10/9/2023 2:53,10/9/2023 2:58,5,"low medi, cluster detected",1,
218,2,FP,2,0,0.493461538,10/16/2023 23:36,10/16/2023 23:53,17.33333333,"low medi, cluster detected",1,
218,6,FP,2,0,0.227181208,10/17/2023 23:01,10/17/2023 23:25,24.83333333,"low medi, cluster detected",1,
218,12,FP,2,0,0.219142857,10/19/2023 23:50,10/20/2023 0:07,17.5,"low medi, cluster detected",1,
218,16,FP,2,0,0.567190083,10/20/2023 16:14,10/20/2023 16:34,20.16666667,"low medi, cluster detected",1,
218,20,FP,2,0,0.109357143,10/21/2023 18:36,10/21/2023 19:00,23.33333333,"low medi, cluster detected",1,
218,22,FP,2,0,0,10/21/2023 22:30,10/21/2023 23:49,79.66666667,"low medi, cluster detected",1,retropsectively logged?
219,3,FP,2,0,0.091666667,10/17/2023 7:03,10/17/2023 7:04,1,likely transition state,1,
219,5,FN,1,1,40.22285714,10/17/2023 7:50,10/17/2023 7:51,1.166666667,likely transition state,1,
219,7,FN,1,1,33.47,10/17/2023 8:08,10/17/2023 8:10,1.666666667,likely transition state,1,
219,12,FP,2,0,0,10/19/2023 8:08,10/19/2023 8:09,1,likely transition state,1,
219,14,FN,1,1,31.204,10/19/2023 9:02,10/19/2023 9:02,0.833333333,likely transition state,1,
219,16,FP,2,0,0.0525,10/19/2023 9:34,10/19/2023 9:34,0.666666667,likely transition state,1,
219,20,FN,1,1,18.59333333,10/20/2023 9:47,10/20/2023 9:48,1.5,likely transition state,1,
219,22,FN,1,1,16.205,10/20/2023 10:13,10/20/2023 10:14,0.666666667,likely transition state,1,
219,26,FN,1,1,56.45666667,10/21/2023 15:57,10/21/2023 15:58,1,likely transition state,1,
219,28,FP,2,0,0,10/21/2023 16:10,10/21/2023 16:14,4.5,"low medi, cluster detected",0,retropsectively logging
219,30,FN,1,1,151.723,10/21/2023 18:03,10/21/2023 18:04,1.666666667,likely transition state,1,
219,32,FP,2,0,0,10/21/2023 18:25,10/21/2023 18:26,1.333333333,likely transition state,1,
219,36,FN,1,1,41.995,10/22/2023 13:38,10/22/2023 13:38,0.333333333,likely transition state,1,
219,38,FN,1,1,2.837272727,10/22/2023 14:33,10/22/2023 14:35,1.833333333,likely transition state,1,
219,40,FN,1,1,5.54,10/22/2023 14:45,10/22/2023 14:45,0.166666667,likely transition state,1,
219,42,FN,1,1,32.30081871,10/22/2023 15:32,10/22/2023 16:29,57,algorithm limitation or bag actually not used,1,bag not used 
219,44,FP,2,0,0.632181818,10/22/2023 22:24,10/22/2023 22:42,18.33333333,"low medi, cluster detected",1,
219,47,FP,2,0,0,10/23/2023 7:10,10/23/2023 7:10,0.166666667,likely transition state,1,
221,2,FP,2,0,0,10/23/2023 23:23,10/23/2023 23:24,0.5,likely transition state,1,
221,4,FP,2,0,0.11125,10/24/2023 8:25,10/24/2023 8:26,1.333333333,likely transition state,1,
221,6,FN,1,1,86.701,10/24/2023 13:30,10/24/2023 13:35,5,algorithm limitation or bag actually not used,1,probably algorithm limitation
221,9,FP,2,0,0.002580645,10/25/2023 9:17,10/25/2023 9:22,5.166666667,"low medi, cluster detected",1,transition state?
221,11,FP,2,0,0.008,10/25/2023 12:47,10/25/2023 12:57,10,"low medi, cluster detected",1,
221,13,FN,1,1,3427.928302,10/25/2023 16:15,10/25/2023 16:23,8.833333333,algorithm limitation or bag actually not used,1,bag not used
221,15,FN,1,1,74.46277778,10/25/2023 18:54,10/25/2023 18:57,3,likely transition state,1,
221,19,FP,2,0,0.188833333,10/26/2023 20:18,10/26/2023 20:28,10,"low medi, cluster detected",1,
221,21,FP,2,0,0.008223938,10/26/2023 20:29,10/26/2023 21:12,43.16666667,"low medi, cluster detected",1,
221,23,FP,2,0,0.023002915,10/26/2023 21:13,10/26/2023 22:10,57.16666667,"low medi, cluster detected",1,
221,25,FP,2,0,0.007973856,10/26/2023 22:13,10/26/2023 22:38,25.5,"low medi, cluster detected",1,
221,27,FP,2,0,0.000777778,10/26/2023 23:09,10/26/2023 23:24,15,"low medi, cluster detected",1,
221,30,FP,2,0,0,10/27/2023 21:56,10/27/2023 22:01,4.5,"low medi, cluster detected",1,transition state?
221,32,FN,1,1,3.39,10/28/2023 5:02,10/28/2023 5:02,0.333333333,likely transition state,1,
221,36,FP,2,0,0.001479167,10/28/2023 12:46,10/28/2023 14:06,80,"low medi, cluster detected",1,
221,38,FP,2,0,0,10/28/2023 16:06,10/28/2023 16:07,0.666666667,likely transition state,1,
221,40,FP,2,0,0,10/28/2023 17:43,10/28/2023 17:43,0.5,likely transition state,1,
221,44,FN,0,1,15.01284192,10/29/2023 15:21,10/29/2023 16:54,93.83333333,"bag not used, no clusters identified",1,
221,46,FN,0,1,7.56,10/29/2023 18:19,10/29/2023 18:21,1.666666667,bag not used or transition state,1,transitio state
221,48,FP,2,0,0,10/29/2023 18:33,10/29/2023 19:06,33.16666667,"low medi, cluster detected",1,
222,2,FN,0,1,8.333666667,10/23/2023 18:31,10/23/2023 18:36,5,"bag not used, no clusters identified",1,
222,4,FN,0,1,8.653269231,10/23/2023 19:55,10/23/2023 20:21,26,"bag not used, no clusters identified",1,
222,6,FP,2,0,0,10/23/2023 23:54,10/23/2023 23:55,0.166666667,likely transition state,1,
222,8,FP,2,0,0,10/24/2023 7:58,10/24/2023 7:58,0.333333333,likely transition state,1,
222,10,FN,1,1,1417.825,10/24/2023 12:46,10/24/2023 12:46,0.333333333,likely transition state,1,
222,12,FP,2,0,0,10/24/2023 13:40,10/24/2023 13:40,0.166666667,likely transition state,1,
222,14,FN,0,1,1.68775641,10/24/2023 17:17,10/24/2023 17:43,26,"bag not used, no clusters identified",1,
222,16,FN,0,1,41.63763889,10/24/2023 18:38,10/24/2023 18:50,12,"bag not used, no clusters identified",1,
222,18,FP,2,0,0.000657895,10/24/2023 19:39,10/24/2023 19:52,12.66666667,"low medi, cluster detected",1,
222,20,FN,0,1,61.77325203,10/24/2023 19:55,10/24/2023 20:36,41,"bag not used, no clusters identified",1,
222,24,FN,0,1,11.3003252,10/25/2023 17:38,10/25/2023 19:00,82,"bag not used, no clusters identified",1,
222,26,FN,1,1,4.528166667,10/25/2023 20:10,10/25/2023 20:20,10,algorithm limitation or bag actually not used,1,bag not used for the whole duration
222,30,FN,1,1,9.67,10/26/2023 13:34,10/26/2023 13:34,0.166666667,likely transition state,1,
222,32,FP,2,0,0.104285714,10/26/2023 14:02,10/26/2023 14:03,1.166666667,likely transition state,1,
222,34,FN,0,1,0.881130952,10/26/2023 16:04,10/26/2023 16:32,28,visual_check,,low medi - bag not used correctly? 
222,36,FN,0,1,2.455,10/26/2023 17:31,10/26/2023 17:32,0.333333333,bag not used or transition state,1,
222,38,FP,2,0,0,10/26/2023 19:41,10/26/2023 19:42,0.333333333,likely transition state,1,
222,40,FP,2,0,0.06,10/26/2023 20:24,10/26/2023 20:24,0.333333333,likely transition state,1,
222,42,FP,2,0,0,10/26/2023 20:27,10/26/2023 20:37,10.16666667,"low medi, cluster detected",1,
222,46,FN,1,1,32.718,10/27/2023 13:10,10/27/2023 13:10,0.833333333,likely transition state,1,
222,48,FN,1,1,517.1242857,10/27/2023 14:01,10/27/2023 14:03,1.166666667,likely transition state,1,
222,50,FP,2,0,0.00972067,10/27/2023 17:56,10/27/2023 18:26,29.83333333,"low medi, cluster detected",1,
222,52,FP,2,0,0,10/27/2023 18:40,10/27/2023 18:55,15.16666667,"low medi, cluster detected",1,
222,54,FN,0,1,7.873436693,10/27/2023 19:06,10/27/2023 21:15,129,"bag not used, no clusters identified",1,
222,60,FN,0,1,6.367410714,10/29/2023 9:11,10/29/2023 11:03,112,"bag not used, no clusters identified",1,
222,62,FP,2,0,0.050222222,10/29/2023 17:02,10/29/2023 17:24,22.5,"low medi, cluster detected",1,
222,64,FP,2,0,0.064193548,10/29/2023 18:13,10/29/2023 18:24,10.33333333,"low medi, cluster detected",1,
222,66,FN,1,1,27.528,10/29/2023 18:28,10/29/2023 18:29,0.833333333,likely transition state,1,
222,68,FP,2,0,0.99,10/29/2023 19:12,10/29/2023 19:12,0.166666667,likely transition state,1,
223,4,FN,1,1,248.666,10/31/2023 11:47,10/31/2023 11:47,0.833333333,likely transition state,1,
223,6,FP,2,0,0,10/31/2023 12:09,10/31/2023 12:09,0.333333333,likely transition state,1,
223,8,FP,2,0,0.016492537,10/31/2023 22:31,10/31/2023 22:54,22.33333333,"low medi, cluster detected",1,
223,10,FP,2,0,0,11/1/2023 3:14,11/1/2023 3:14,0.5,likely transition state,1,
223,14,FN,1,1,32.13714286,11/1/2023 14:23,11/1/2023 14:24,1.166666667,likely transition state,1,
223,16,FP,2,0,0,11/1/2023 14:42,11/1/2023 14:42,0.666666667,likely transition state,1,
223,18,FP,2,0,0.012890625,11/2/2023 1:00,11/2/2023 1:22,21.33333333,"low medi, cluster detected",1,
223,20,FP,2,0,0,11/2/2023 7:06,11/2/2023 7:08,2.166666667,likely transition state,1,
223,23,FN,1,1,0.865,11/2/2023 23:55,11/2/2023 23:56,0.333333333,likely transition state,1,
223,25,FP,2,0,0.003609467,11/3/2023 0:28,11/3/2023 0:56,28.16666667,"low medi, cluster detected",1,
223,29,FP,2,0,0.076923077,11/4/2023 1:20,11/4/2023 1:37,17.33333333,"low medi, cluster detected",1,
223,33,FN,0,1,8.371590909,11/4/2023 14:52,11/4/2023 14:59,7.333333333,"bag not used, no clusters identified",1,
223,35,FN,0,1,15.50714286,11/4/2023 15:51,11/4/2023 15:53,1.166666667,bag not used or transition state,1,transition state
223,37,FP,2,0,0,11/5/2023 0:28,11/5/2023 0:45,16.66666667,"low medi, cluster detected",1,
223,39,FP,2,0,0.012531646,11/5/2023 0:45,11/5/2023 0:58,13.16666667,"low medi, cluster detected",1,
223,41,FP,2,0,0,11/5/2023 1:08,11/5/2023 1:20,11.66666667,"low medi, cluster detected",1,
223,44,FP,2,0,0.135147059,11/6/2023 1:00,11/6/2023 1:12,11.33333333,"low medi, cluster detected",1,
223,46,FP,2,0,0.128582677,11/6/2023 1:23,11/6/2023 1:45,21.16666667,"low medi, cluster detected",1,
224,2,FN,0,1,5.004,10/30/2023 23:39,10/30/2023 23:39,0.833333333,bag not used or transition state,1,
224,4,FP,2,0,0.208,10/31/2023 0:01,10/31/2023 0:01,0.833333333,likely transition state,1,
224,7,FP,2,0,0,10/31/2023 8:18,10/31/2023 8:24,6.333333333,"low medi, cluster detected",1,
224,9,FN,1,1,4.706666667,10/31/2023 20:19,10/31/2023 20:20,1,likely transition state,1,
224,11,FP,2,0,0,10/31/2023 20:37,10/31/2023 20:37,0.5,likely transition state,1,
224,13,FN,1,1,0.4625,10/31/2023 20:38,10/31/2023 20:40,2,likely transition state,1,
224,15,FN,0,1,4.025,10/31/2023 23:13,10/31/2023 23:14,1,bag not used or transition state,1,transition state 
224,19,FN,1,1,7.854,11/1/2023 17:03,11/1/2023 17:03,0.833333333,likely transition state,1,
224,21,FP,2,0,0,11/1/2023 17:55,11/1/2023 17:55,0.666666667,likely transition state,1,
224,23,FP,2,0,0.45704918,11/1/2023 22:18,11/1/2023 22:28,10.16666667,"low medi, cluster detected",1,
224,25,FP,2,0,0.323333333,11/1/2023 22:31,11/1/2023 22:32,0.5,likely transition state,1,
224,29,FN,0,1,343.3825,11/2/2023 10:17,11/2/2023 10:17,0.666666667,bag not used or transition state,1,transition state 
224,31,FP,2,0,0,11/2/2023 10:32,11/2/2023 10:32,0.5,likely transition state,1,
224,35,FP,2,0,0.14703125,11/3/2023 17:46,11/3/2023 17:57,10.66666667,"low medi, cluster detected",1,
224,37,FN,1,1,7.346,11/3/2023 20:53,11/3/2023 20:53,0.833333333,likely transition state,1,
224,41,FN,1,1,13.78375,11/4/2023 10:35,11/4/2023 10:39,4,algorithm limitation or bag actually not used,1,algorithm limitation 
224,43,FN,1,1,5.7,11/4/2023 13:27,11/4/2023 13:28,1.5,likely transition state,1,
224,45,FN,1,1,2.043333333,11/4/2023 23:50,11/4/2023 23:51,0.5,likely transition state,1,
224,48,FN,0,1,7.6675,11/5/2023 11:36,11/5/2023 11:37,1.333333333,bag not used or transition state,1,transition state 
224,51,FP,2,0,0.656770833,11/5/2023 20:27,11/5/2023 20:59,32,"low medi, cluster detected",1,
224,53,FP,2,0,0.607972973,11/5/2023 21:08,11/5/2023 21:21,12.33333333,"low medi, cluster detected",1,
225,2,FN,1,1,75.76111111,10/30/2023 18:47,10/30/2023 18:48,1.5,likely transition state,1,
225,4,FP,2,0,0,10/30/2023 19:12,10/30/2023 19:12,0.5,likely transition state,1,
225,7,FP,2,0,0,10/31/2023 5:17,10/31/2023 5:30,13.16666667,"low medi, cluster detected",1,
225,9,FN,1,1,0.025416667,10/31/2023 5:42,10/31/2023 5:46,4,visual_check,,low medi - something wrong wth wear log entry?
225,11,FN,0,1,144.6353763,10/31/2023 10:17,10/31/2023 10:48,31,"bag not used, no clusters identified",1,
225,14,FP,2,0,0,11/1/2023 6:59,11/1/2023 7:00,1.333333333,likely transition state,1,
225,16,FN,1,1,15.24,11/1/2023 10:12,11/1/2023 10:13,1,likely transition state,1,
225,18,FP,2,0,0,11/1/2023 10:38,11/1/2023 10:38,0.333333333,likely transition state,1,
225,21,FP,2,0,0.012181818,11/2/2023 5:28,11/2/2023 5:37,9.166666667,"low medi, cluster detected",1,transition phase?
225,23,FN,1,1,33.438,11/2/2023 18:32,11/2/2023 18:32,0.833333333,likely transition state,1,
225,25,FP,2,0,0,11/2/2023 19:26,11/2/2023 19:26,0.666666667,likely transition state,1,
225,28,FP,2,0,0.137894737,11/3/2023 5:24,11/3/2023 5:27,3.166666667,"low medi, cluster detected",1,transition phase?
225,30,FP,2,0,0,11/3/2023 5:58,11/3/2023 6:14,16.16666667,"low medi, cluster detected",1,
225,33,FP,2,0,0.583333333,11/4/2023 5:20,11/4/2023 5:21,1,likely transition state,1,
225,35,FP,2,0,0.057522124,11/4/2023 21:30,11/4/2023 21:48,18.83333333,"low medi, cluster detected",1,
225,38,FP,2,0,0,11/5/2023 6:34,11/5/2023 6:44,10,"low medi, cluster detected",1,
225,40,FP,2,0,0,11/5/2023 6:44,11/5/2023 6:54,10.5,"low medi, cluster detected",1,
225,42,FN,1,1,71.565,11/5/2023 7:33,11/5/2023 7:33,0.333333333,likely transition state,1,
225,44,FP,2,0,0,11/5/2023 8:09,11/5/2023 8:10,1.166666667,likely transition state,1,
225,46,FN,1,1,73.73,11/5/2023 8:20,11/5/2023 8:21,1.166666667,likely transition state,1,
225,48,FP,2,0,0,11/5/2023 8:46,11/5/2023 8:47,1.166666667,likely transition state,1,
225,50,FP,2,0,0.1185,11/5/2023 19:21,11/5/2023 19:47,26.66666667,"low medi, cluster detected",1,
225,52,FP,2,0,0.30119403,11/5/2023 19:48,11/5/2023 19:59,11.16666667,"low medi, cluster detected",1,
225,54,FP,2,0,0.116712329,11/5/2023 20:07,11/5/2023 20:19,12.16666667,"low medi, cluster detected",1,
225,56,FP,2,0,0.07751269,11/5/2023 20:42,11/5/2023 21:14,32.83333333,"low medi, cluster detected",1,
225,58,FP,2,0,0.416865672,11/5/2023 21:32,11/5/2023 21:43,11.16666667,"low medi, cluster detected",1,
225,60,FP,2,0,0.357868852,11/5/2023 21:51,11/5/2023 22:01,10.16666667,"low medi, cluster detected",1,
225,62,FP,2,0,0,11/5/2023 22:20,11/5/2023 22:29,8.333333333,"low medi, cluster detected",1,
226,2,FP,2,0,0,10/31/2023 1:03,10/31/2023 1:16,12.33333333,"low medi, cluster detected",1,
226,4,FP,2,0,0.192121212,10/31/2023 7:35,10/31/2023 7:40,5.5,"low medi, cluster detected",1,transition state?
226,6,FN,1,1,38.108,10/31/2023 10:12,10/31/2023 10:12,0.833333333,likely transition state,1,
226,8,FN,1,1,2.855,10/31/2023 10:30,10/31/2023 10:31,1,likely transition state,1,
226,13,FP,2,0,0.079,11/2/2023 8:00,11/2/2023 8:05,5,"low medi, cluster detected",1,
226,15,FN,1,1,2.965,11/2/2023 8:07,11/2/2023 8:07,0.333333333,likely transition state,1,
226,17,FN,1,1,9.95,11/2/2023 8:44,11/2/2023 8:45,0.333333333,likely transition state,1,
226,19,FN,1,1,6.992222222,11/2/2023 17:34,11/2/2023 17:35,1.5,likely transition state,1,
226,21,FP,2,0,0,11/2/2023 18:15,11/2/2023 18:15,0.5,likely transition state,1,
226,23,FP,2,0,0.001965066,11/2/2023 23:16,11/2/2023 23:55,38.16666667,"low medi, cluster detected",1,
226,25,FP,2,0,0.240422535,11/3/2023 8:00,11/3/2023 8:11,11.83333333,"low medi, cluster detected",1,
226,27,FP,2,0,0.05915493,11/3/2023 8:23,11/3/2023 8:35,11.83333333,"low medi, cluster detected",1,
226,31,FN,1,1,20.47333333,11/4/2023 13:44,11/4/2023 13:44,0.5,likely transition state,1,
226,33,FP,2,0,0,11/4/2023 14:18,11/4/2023 14:18,0.333333333,likely transition state,1,
226,35,FP,2,0,0.002566929,11/5/2023 2:48,11/5/2023 4:34,105.8333333,"low medi, cluster detected",1,
226,38,FP,2,0,0.347826087,11/5/2023 14:48,11/5/2023 15:00,11.5,"low medi, cluster detected",1,
226,40,FP,2,0,0,11/6/2023 0:14,11/6/2023 0:43,28.83333333,"low medi, cluster detected",1,
227,2,FP,2,0,0.015438596,10/31/2023 1:08,10/31/2023 1:18,9.5,"low medi, cluster detected",1,
227,5,FN,1,1,105.9814286,10/31/2023 9:06,10/31/2023 9:07,1.166666667,likely transition state,1,
227,7,FP,2,0,0,10/31/2023 9:10,10/31/2023 9:40,30,"low medi, cluster detected",1,
227,9,FP,2,0,0.012125,10/31/2023 21:38,10/31/2023 21:51,13.33333333,"low medi, cluster detected",1,
227,11,FP,2,0,0.093966942,10/31/2023 22:31,10/31/2023 22:51,20.16666667,"low medi, cluster detected",1,
227,15,FN,1,1,113.369,11/1/2023 14:26,11/1/2023 14:27,1.666666667,likely transition state,1,
227,17,FN,1,1,24.5,11/1/2023 14:44,11/1/2023 14:45,0.166666667,likely transition state,1,
227,19,FP,2,0,0.055915493,11/1/2023 18:19,11/1/2023 18:31,11.83333333,"low medi, cluster detected",1,
227,22,FP,2,0,0,11/2/2023 6:52,11/2/2023 6:53,1,likely transition state,1,
227,24,FN,1,1,1.455,11/2/2023 21:30,11/2/2023 21:30,0.333333333,likely transition state,1,
227,26,FN,1,1,13.94066667,11/2/2023 23:56,11/2/2023 23:59,2.5,likely transition state,1,
227,30,FN,1,1,71.73666667,11/3/2023 10:52,11/3/2023 10:53,1.5,likely transition state,1,
227,32,FN,1,1,21.7,11/3/2023 11:47,11/3/2023 11:48,0.166666667,likely transition state,1,
227,35,FN,1,1,41.455,11/3/2023 20:00,11/3/2023 20:01,0.333333333,likely transition state,1,
227,41,FP,2,0,0,11/5/2023 15:43,11/5/2023 15:44,0.166666667,likely transition state,1,
227,43,FP,2,0,0,11/5/2023 17:00,11/5/2023 17:00,0.833333333,likely transition state,1,
227,46,FP,2,0,0,11/6/2023 7:07,11/6/2023 7:07,0.166666667,likely transition state,1,
228,4,FN,1,1,3.396363636,11/7/2023 18:40,11/7/2023 18:41,1.833333333,likely transition state,1,
228,6,FP,2,0,0,11/7/2023 20:55,11/7/2023 20:56,1.333333333,likely transition state,1,
228,11,FP,2,0,0.881666667,11/9/2023 8:12,11/9/2023 8:19,7,"low medi, cluster detected",1,transition phase?
228,13,FN,1,1,20.11,11/9/2023 17:41,11/9/2023 17:41,0.166666667,likely transition state,1,
228,15,FN,1,1,12.06,11/9/2023 21:48,11/9/2023 21:49,0.166666667,likely transition state,1,
228,21,FP,2,0,0.069693878,11/11/2023 17:12,11/11/2023 17:45,32.66666667,"low medi, cluster detected",1,
228,23,FP,2,0,0.410968992,11/11/2023 20:50,11/11/2023 21:33,43,"low medi, cluster detected",1,
228,25,FP,2,0,0.680842105,11/11/2023 21:37,11/11/2023 21:53,15.83333333,"low medi, cluster detected",1,
228,28,FP,2,0,0.235284091,11/12/2023 8:02,11/12/2023 9:00,58.66666667,"low medi, cluster detected",1,
228,30,FP,2,0,0,11/12/2023 19:26,11/12/2023 19:40,13.66666667,"low medi, cluster detected",1,
229,2,FP,2,0,0.038390805,11/6/2023 22:06,11/6/2023 22:21,14.5,"low medi, cluster detected",1,
229,6,FN,1,1,89.7225,11/7/2023 6:41,11/7/2023 6:41,0.666666667,likely transition state,1,
229,8,FN,1,1,29.85,11/7/2023 7:18,11/7/2023 7:19,0.333333333,likely transition state,1,
229,10,FN,1,1,4.68,11/7/2023 21:13,11/7/2023 21:13,0.666666667,likely transition state,1,
229,12,FP,2,0,0,11/7/2023 21:50,11/7/2023 21:50,0.166666667,likely transition state,1,
229,14,FP,2,0,0.041834862,11/7/2023 22:08,11/7/2023 22:26,18.16666667,"low medi, cluster detected",1,
229,19,FN,1,1,11.58,11/8/2023 7:21,11/8/2023 7:22,0.5,likely transition state,1,
229,21,FN,1,1,2.253550725,11/8/2023 15:33,11/8/2023 15:56,23,algorithm limitation or bag actually not used,1,bag not used
229,25,FN,1,1,47.64428571,11/9/2023 6:43,11/9/2023 6:44,1.166666667,likely transition state,1,
229,27,FP,2,0,0,11/9/2023 7:19,11/9/2023 7:19,0.166666667,likely transition state,1,
229,29,FN,1,1,7.783333333,11/9/2023 21:07,11/9/2023 21:07,0.5,likely transition state,1,
229,31,FP,2,0,0,11/9/2023 21:31,11/9/2023 21:31,0.666666667,likely transition state,1,
229,35,FN,1,1,25.884,11/10/2023 6:41,11/10/2023 6:41,0.833333333,likely transition state,1,
229,37,FN,1,1,13.04,11/10/2023 7:12,11/10/2023 7:13,0.666666667,likely transition state,1,
229,39,FN,1,1,16.72,11/10/2023 17:49,11/10/2023 17:49,0.5,likely transition state,1,
229,41,FP,2,0,0,11/10/2023 20:56,11/10/2023 20:56,0.5,likely transition state,1,
229,45,FN,1,1,42.75714286,11/11/2023 7:40,11/11/2023 7:41,1.166666667,likely transition state,1,
229,47,FN,1,1,38.43,11/11/2023 8:16,11/11/2023 8:17,0.333333333,likely transition state,1,
229,49,FN,1,1,1.9175,11/11/2023 22:02,11/11/2023 22:02,0.666666667,likely transition state,1,
229,52,FP,2,0,0.04794702,11/11/2023 22:52,11/11/2023 23:17,25.16666667,"low medi, cluster detected",1,
229,56,FN,1,1,21.0075,11/12/2023 7:42,11/12/2023 7:42,0.666666667,likely transition state,1,
230,3,FN,1,1,35.524,11/6/2023 19:09,11/6/2023 19:10,0.833333333,likely transition state,1,
230,7,FP,2,0,0,11/7/2023 13:32,11/7/2023 13:33,0.666666667,likely transition state,1,
230,10,FN,1,1,132.5292857,11/7/2023 15:41,11/7/2023 15:43,2.333333333,likely transition state,1,
230,12,FN,1,1,51.39,11/7/2023 16:59,11/7/2023 17:00,0.333333333,likely transition state,1,
230,14,FP,2,0,0.04982684,11/7/2023 21:30,11/7/2023 22:09,38.5,"low medi, cluster detected",1,
230,17,FP,2,0,0,11/8/2023 8:54,11/8/2023 8:55,0.5,likely transition state,1,
230,19,FN,1,1,20.79236842,11/8/2023 9:21,11/8/2023 9:34,12.66666667,algorithm limitation or bag actually not used,1,bag not used
230,21,FP,2,0,0,11/8/2023 12:36,11/8/2023 12:36,0.833333333,likely transition state,1,
230,23,FN,1,1,193.88,11/8/2023 17:43,11/8/2023 17:43,0.166666667,likely transition state,1,
230,25,FP,2,0,0.086666667,11/8/2023 20:36,11/8/2023 20:36,0.5,likely transition state,1,
230,27,FN,1,1,40.055,11/8/2023 20:54,11/8/2023 20:56,2,likely transition state,1,
230,29,FN,1,1,85.48833333,11/8/2023 21:06,11/8/2023 21:07,1,likely transition state,1,
230,31,FN,1,1,12.35,11/8/2023 21:16,11/8/2023 21:16,0.166666667,likely transition state,1,
230,33,FN,1,1,1.1025,11/9/2023 0:08,11/9/2023 0:10,1.333333333,likely transition state,1,
230,35,FP,2,0,0,11/9/2023 0:27,11/9/2023 0:28,0.833333333,likely transition state,1,
230,38,FN,1,1,0.547037037,11/9/2023 10:56,11/9/2023 11:05,9,visual_check,,bag not used?
230,40,FN,1,1,13.42375,11/9/2023 11:23,11/9/2023 11:31,8,algorithm limitation or bag actually not used,1,bag not used
230,44,FP,2,0,0,11/9/2023 22:30,11/9/2023 22:31,0.333333333,likely transition state,1,
230,47,FN,0,1,112.5,11/10/2023 13:34,11/10/2023 13:34,0.166666667,bag not used or transition state,1,transition state
230,49,FN,0,1,21.116,11/10/2023 14:59,11/10/2023 15:00,0.833333333,bag not used or transition state,1,transition state 
230,51,FP,2,0,0.106410256,11/10/2023 17:38,11/10/2023 17:45,6.5,"low medi, cluster detected",1,
230,53,FP,2,0,0.555,11/10/2023 20:11,11/10/2023 20:11,0.666666667,likely transition state,1,
230,55,FP,2,0,0.09125,11/10/2023 22:52,11/10/2023 22:54,1.333333333,likely transition state,1,
230,58,FP,2,0,0,11/11/2023 10:09,11/11/2023 10:13,3.333333333,"low medi, cluster detected",1,transition state?
230,60,FN,0,1,100.6525,11/11/2023 12:22,11/11/2023 12:24,2,bag not used or transition state,1,transition state 
230,62,FN,0,1,3.0425,11/11/2023 18:45,11/11/2023 18:49,4,"bag not used, no clusters identified",1,bag not used 
230,64,FN,0,1,2.396,11/11/2023 19:24,11/11/2023 19:25,0.833333333,bag not used or transition state,1,transition state 
230,66,FP,2,0,0.009252336,11/11/2023 19:31,11/11/2023 19:49,17.83333333,"low medi, cluster detected",1,
230,68,FP,2,0,0.497480916,11/11/2023 20:36,11/11/2023 20:58,21.83333333,"low medi, cluster detected",1,
230,70,FP,2,0,0.119933775,11/11/2023 21:12,11/11/2023 21:37,25.16666667,"low medi, cluster detected",1,
230,72,FP,2,0,0.026315789,11/11/2023 22:48,11/11/2023 23:20,31.66666667,"low medi, cluster detected",1,
230,76,FP,2,0,0.064186747,11/12/2023 17:58,11/12/2023 18:53,55.33333333,"low medi, cluster detected",1,
230,78,FP,2,0,0.006826484,11/12/2023 18:53,11/12/2023 20:06,73,"low medi, cluster detected",1,
230,80,FP,2,0,0.039508197,11/12/2023 20:12,11/12/2023 20:22,10.16666667,"low medi, cluster detected",1,
230,82,FP,2,0,0.003902439,11/12/2023 20:27,11/12/2023 20:41,13.66666667,"low medi, cluster detected",1,
230,84,FP,2,0,0.148571429,11/12/2023 21:35,11/12/2023 21:37,1.166666667,likely transition state,1,
231,2,FN,1,1,5.79,11/6/2023 20:09,11/6/2023 20:09,0.166666667,likely transition state,1,
231,4,FP,2,0,0.29,11/6/2023 20:31,11/6/2023 20:31,0.166666667,likely transition state,1,
231,6,FP,2,0,0.130674157,11/6/2023 20:48,11/6/2023 21:03,14.83333333,"low medi, cluster detected",1,
231,8,FP,2,0,0.483960396,11/6/2023 21:40,11/6/2023 21:57,16.83333333,"low medi, cluster detected",1,
231,10,FP,2,0,0.410512821,11/6/2023 22:14,11/6/2023 22:34,19.5,"low medi, cluster detected",1,
231,12,FP,2,0,0.28379562,11/6/2023 23:08,11/6/2023 23:31,22.83333333,"low medi, cluster detected",1,
231,14,FP,2,0,0.468552632,11/6/2023 23:35,11/6/2023 23:48,12.66666667,"low medi, cluster detected",1,
231,16,FP,2,0,0.376774194,11/6/2023 23:48,11/6/2023 23:58,10.33333333,"low medi, cluster detected",1,
231,18,FP,2,0,0.242142857,11/6/2023 23:58,11/7/2023 0:10,11.66666667,"low medi, cluster detected",1,
231,20,FP,2,0,0.4556,11/7/2023 0:10,11/7/2023 0:23,12.5,"low medi, cluster detected",1,
231,23,FP,2,0,0.217272727,11/7/2023 16:57,11/7/2023 17:05,7.333333333,"low medi, cluster detected",1,
231,25,FP,2,0,0,11/7/2023 17:25,11/7/2023 17:34,9,"low medi, cluster detected",1,
231,27,FN,1,1,8.527777778,11/7/2023 18:51,11/7/2023 18:52,1.5,likely transition state,1,
231,29,FP,2,0,0,11/7/2023 21:42,11/7/2023 21:42,0.166666667,likely transition state,1,
231,31,FP,2,0,0.322307692,11/7/2023 22:09,11/7/2023 22:20,10.83333333,"low medi, cluster detected",1,
231,33,FP,2,0,0.28328125,11/7/2023 22:47,11/7/2023 22:57,10.66666667,"low medi, cluster detected",1,
231,35,FP,2,0,0.407820513,11/8/2023 0:05,11/8/2023 0:18,13,"low medi, cluster detected",1,
231,37,FP,2,0,0.093076923,11/8/2023 0:19,11/8/2023 0:22,2.166666667,likely transition state,1,
231,41,FP,2,0,0,11/8/2023 21:10,11/8/2023 21:10,0.166666667,likely transition state,1,
231,43,FN,1,1,1.7425,11/8/2023 23:01,11/8/2023 23:02,1.333333333,likely transition state,1,
231,45,FN,1,1,0.606,11/8/2023 23:15,11/8/2023 23:17,1.666666667,likely transition state,1,
231,47,FP,2,0,0.119606299,11/8/2023 23:33,11/8/2023 23:54,21.16666667,"low medi, cluster detected",1,
231,49,FP,2,0,0.116995885,11/8/2023 23:54,11/9/2023 0:35,40.5,"low medi, cluster detected",1,
231,51,FP,2,0,0.254444444,11/9/2023 6:22,11/9/2023 6:26,4.5,"low medi, cluster detected",1,
231,53,FP,2,0,0.162790698,11/9/2023 6:27,11/9/2023 6:48,21.5,"low medi, cluster detected",1,
231,57,FN,1,1,7.556666667,11/9/2023 18:58,11/9/2023 18:58,0.5,likely transition state,1,
231,59,FP,2,0,0,11/9/2023 21:16,11/9/2023 21:17,1.666666667,likely transition state,1,
231,61,FP,2,0,0.532989691,11/9/2023 22:12,11/9/2023 22:28,16.16666667,"low medi, cluster detected",1,
231,63,FP,2,0,0.059666667,11/9/2023 23:37,11/9/2023 23:47,10,"low medi, cluster detected",1,
231,65,FP,2,0,0.137983193,11/9/2023 23:48,11/10/2023 0:07,19.83333333,"low medi, cluster detected",1,
231,67,FP,2,0,0.147272727,11/10/2023 0:08,11/10/2023 0:52,44,"low medi, cluster detected",1,
231,70,FP,2,0,0.07641791,11/10/2023 17:23,11/10/2023 17:45,22.33333333,"low medi, cluster detected",1,
231,72,FP,2,0,0.01245098,11/10/2023 17:46,11/10/2023 18:03,17,"low medi, cluster detected",1,
231,74,FP,2,0,0,11/10/2023 18:23,11/10/2023 18:23,0.166666667,likely transition state,1,
231,76,FP,2,0,0.032911392,11/10/2023 18:44,11/10/2023 18:58,13.16666667,"low medi, cluster detected",1,
231,78,FN,1,1,5.09,11/10/2023 22:22,11/10/2023 22:22,0.166666667,likely transition state,1,
231,80,FN,1,1,4.275,11/10/2023 22:40,11/10/2023 22:41,0.333333333,likely transition state,1,
231,84,FP,2,0,0,11/11/2023 9:58,11/11/2023 10:00,1.5,likely transition state,1,
231,86,FN,0,1,15.05966102,11/11/2023 12:00,11/11/2023 12:09,9.833333333,"bag not used, no clusters identified",1,
231,88,FP,2,0,0.058571429,11/11/2023 12:40,11/11/2023 12:42,2.333333333,likely transition state,1,
231,90,FP,2,0,0.014639175,11/12/2023 0:13,11/12/2023 0:29,16.16666667,"low medi, cluster detected",1,
231,92,FP,2,0,0,11/12/2023 0:54,11/12/2023 0:56,1.5,likely transition state,1,
231,94,FP,2,0,0.282,11/12/2023 8:43,11/12/2023 8:43,0.833333333,likely transition state,1,
231,96,FP,2,0,0,11/12/2023 16:17,11/12/2023 16:20,3,likely transition state,1,
231,98,FN,0,1,16.13016667,11/12/2023 16:38,11/12/2023 16:48,10,"bag not used, no clusters identified",1,
231,100,FN,0,1,96.595,11/12/2023 21:39,11/12/2023 21:40,1.333333333,bag not used or transition state,1,
231,102,FN,0,1,5.768562874,11/12/2023 22:06,11/12/2023 22:34,27.83333333,"bag not used, no clusters identified",1,
